{"cameraMode":{"drawMode":0,"name":"Shaded","section":"Shading Mode"},"sceneLighting":true,"audioPlay":false,"sceneViewState":{"m_AlwaysRefresh":false,"showFog":true,"showSkybox":true,"showFlares":true,"showImageEffects":true,"showParticleSystems":true,"showVisualEffectGraphs":true,"m_FxEnabled":true},"in2DMode":false,"pivot":{"x":-0.14756132662296296,"y":7.335764408111572,"z":2.331543207168579},"rotation":{"x":-0.0005963525036349893,"y":-0.9861680269241333,"z":0.16573122143745423,"w":-0.0035533595364540817},"size":59.05513381958008,"orthographic":false}